station,horizon,n,mean_loss_diff,dm_raw,dm_hln,p_value_raw,p_value_adjusted_within_station,p_value_adjusted_global,favoured_model,implementation_details
Madrid Casa de Campo,1,354,1.099,1.1707,1.169,0.243186,0.972742,1.0,lags_meteo,"Squared error loss, Harvey-Leybourne-Newbold finite-sample correction, two-sided Student-t test"
Madrid Casa de Campo,6,356,-0.1377,-0.0492,-0.0484,0.961428,1.0,1.0,lags_only,"Squared error loss, Harvey-Leybourne-Newbold finite-sample correction, two-sided Student-t test"
Madrid Casa de Campo,12,346,21.4458,2.6024,2.5159,0.012327,0.049307,0.443765,lags_meteo,"Squared error loss, Harvey-Leybourne-Newbold finite-sample correction, two-sided Student-t test"
Madrid Casa de Campo,24,354,46.5442,0.9071,0.8469,0.397639,1.0,1.0,lags_meteo,"Squared error loss, Harvey-Leybourne-Newbold finite-sample correction, two-sided Student-t test"
Birr co offlay,1,211,10.4134,2.6882,2.6818,0.007904,0.031618,0.284561,lags_meteo,"Squared error loss, Harvey-Leybourne-Newbold finite-sample correction, two-sided Student-t test"
Birr co offlay,6,212,-3.2298,-0.5175,-0.504,0.614763,1.0,1.0,lags_only,"Squared error loss, Harvey-Leybourne-Newbold finite-sample correction, two-sided Student-t test"
Birr co offlay,12,212,5.3527,1.1585,1.0957,0.27446,1.0,1.0,lags_meteo,"Squared error loss, Harvey-Leybourne-Newbold finite-sample correction, two-sided Student-t test"
Birr co offlay,24,212,3.2158,0.7779,0.6916,0.489929,1.0,1.0,lags_meteo,"Squared error loss, Harvey-Leybourne-Newbold finite-sample correction, two-sided Student-t test"
Dublin Airport,1,145,8.8769,1.642,1.6363,0.103961,0.415843,1.0,lags_meteo,"Squared error loss, Harvey-Leybourne-Newbold finite-sample correction, two-sided Student-t test"
Dublin Airport,6,145,-2.284,-0.3551,-0.3416,0.733121,1.0,1.0,lags_only,"Squared error loss, Harvey-Leybourne-Newbold finite-sample correction, two-sided Student-t test"
Dublin Airport,12,145,-4.7109,-0.3911,-0.3601,0.719287,1.0,1.0,lags_only,"Squared error loss, Harvey-Leybourne-Newbold finite-sample correction, two-sided Student-t test"
Dublin Airport,24,145,10.4111,5.2744,4.4196,1.9e-05,7.7e-05,0.000696,lags_meteo,"Squared error loss, Harvey-Leybourne-Newbold finite-sample correction, two-sided Student-t test"
Dundalk Co Louth,1,151,18.7981,1.1205,1.1168,0.265852,1.0,1.0,lags_meteo,"Squared error loss, Harvey-Leybourne-Newbold finite-sample correction, two-sided Student-t test"
Dundalk Co Louth,6,152,4.6833,1.1742,1.1317,0.259545,1.0,1.0,lags_meteo,"Squared error loss, Harvey-Leybourne-Newbold finite-sample correction, two-sided Student-t test"
Dundalk Co Louth,12,153,3.5849,1.1545,1.0677,0.287337,1.0,1.0,lags_meteo,"Squared error loss, Harvey-Leybourne-Newbold finite-sample correction, two-sided Student-t test"
Dundalk Co Louth,24,152,25.0341,1.2923,1.0925,0.276367,1.0,1.0,lags_meteo,"Squared error loss, Harvey-Leybourne-Newbold finite-sample correction, two-sided Student-t test"
Pearse street dublin,1,212,7.566,1.8509,1.8465,0.066217,0.264868,1.0,lags_meteo,"Squared error loss, Harvey-Leybourne-Newbold finite-sample correction, two-sided Student-t test"
Pearse street dublin,6,212,6.6225,3.1642,3.0821,0.00233,0.00932,0.083878,lags_meteo,"Squared error loss, Harvey-Leybourne-Newbold finite-sample correction, two-sided Student-t test"
Pearse street dublin,12,212,7.2285,3.4499,3.2627,0.001287,0.005148,0.046333,lags_meteo,"Squared error loss, Harvey-Leybourne-Newbold finite-sample correction, two-sided Student-t test"
Pearse street dublin,24,212,22.4718,0.9256,0.823,0.411425,1.0,1.0,lags_meteo,"Squared error loss, Harvey-Leybourne-Newbold finite-sample correction, two-sided Student-t test"
Ringsend dublin,1,212,2.7638,1.2362,1.2333,0.218851,0.875403,1.0,lags_meteo,"Squared error loss, Harvey-Leybourne-Newbold finite-sample correction, two-sided Student-t test"
Ringsend dublin,6,212,-1.1029,-0.1845,-0.1797,0.857565,1.0,1.0,lags_only,"Squared error loss, Harvey-Leybourne-Newbold finite-sample correction, two-sided Student-t test"
Ringsend dublin,12,212,17.8724,0.8886,0.8404,0.401654,1.0,1.0,lags_meteo,"Squared error loss, Harvey-Leybourne-Newbold finite-sample correction, two-sided Student-t test"
Ringsend dublin,24,212,0.3976,0.1133,0.1007,0.919857,1.0,1.0,lags_meteo,"Squared error loss, Harvey-Leybourne-Newbold finite-sample correction, two-sided Student-t test"
edenderry co offlay,1,208,3.4216,0.34,0.3392,0.734813,1.0,1.0,lags_meteo,"Squared error loss, Harvey-Leybourne-Newbold finite-sample correction, two-sided Student-t test"
edenderry co offlay,6,211,-21.3952,-1.216,-1.1843,0.237645,0.950581,1.0,lags_only,"Squared error loss, Harvey-Leybourne-Newbold finite-sample correction, two-sided Student-t test"
edenderry co offlay,12,211,3.4652,0.1935,0.183,0.854985,1.0,1.0,lags_meteo,"Squared error loss, Harvey-Leybourne-Newbold finite-sample correction, two-sided Student-t test"
edenderry co offlay,24,210,5.2761,0.634,0.563,0.574009,1.0,1.0,lags_meteo,"Squared error loss, Harvey-Leybourne-Newbold finite-sample correction, two-sided Student-t test"
henry street Limerick,1,211,0.8001,0.9197,0.9175,0.359941,1.0,1.0,lags_meteo,"Squared error loss, Harvey-Leybourne-Newbold finite-sample correction, two-sided Student-t test"
henry street Limerick,6,211,-17.3325,-1.1528,-1.1227,0.262846,1.0,1.0,lags_only,"Squared error loss, Harvey-Leybourne-Newbold finite-sample correction, two-sided Student-t test"
henry street Limerick,12,210,2.914,0.4337,0.41,0.68226,1.0,1.0,lags_meteo,"Squared error loss, Harvey-Leybourne-Newbold finite-sample correction, two-sided Student-t test"
henry street Limerick,24,211,3.9191,0.9757,0.867,0.386923,1.0,1.0,lags_meteo,"Squared error loss, Harvey-Leybourne-Newbold finite-sample correction, two-sided Student-t test"
porrlaoise co laois,1,212,3.1527,1.2239,1.221,0.223443,0.893771,1.0,lags_meteo,"Squared error loss, Harvey-Leybourne-Newbold finite-sample correction, two-sided Student-t test"
porrlaoise co laois,6,212,-1.1838,-1.069,-1.0413,0.298946,1.0,1.0,lags_only,"Squared error loss, Harvey-Leybourne-Newbold finite-sample correction, two-sided Student-t test"
porrlaoise co laois,12,212,3.9733,1.9183,1.8142,0.071065,0.28426,1.0,lags_meteo,"Squared error loss, Harvey-Leybourne-Newbold finite-sample correction, two-sided Student-t test"
porrlaoise co laois,24,212,2.6449,,,,,,undetermined,"Squared error loss, Harvey-Leybourne-Newbold finite-sample correction, two-sided Student-t test"
