station,horizon,n_origins_lags_only,n_origins_lags_meteo,n_origins_common,first_date,last_date,n_months,months,coverage_pct,exclusion_reason
Birr co offlay,1,212,212,212,2023-01-01,2023-07-31 00:00:00,7,2023-01;2023-02;2023-03;2023-04;2023-05;2023-06;2023-07,100.0,none
Birr co offlay,2,212,212,212,2023-01-01,2023-07-31 00:00:00,7,2023-01;2023-02;2023-03;2023-04;2023-05;2023-06;2023-07,100.0,none
Birr co offlay,3,212,212,212,2023-01-01,2023-07-31 00:00:00,7,2023-01;2023-02;2023-03;2023-04;2023-05;2023-06;2023-07,100.0,none
Birr co offlay,4,212,212,212,2023-01-01,2023-07-31 00:00:00,7,2023-01;2023-02;2023-03;2023-04;2023-05;2023-06;2023-07,100.0,none
Birr co offlay,5,212,212,212,2023-01-01,2023-07-31 00:00:00,7,2023-01;2023-02;2023-03;2023-04;2023-05;2023-06;2023-07,100.0,none
Birr co offlay,6,212,212,212,2023-01-01,2023-07-31 00:00:00,7,2023-01;2023-02;2023-03;2023-04;2023-05;2023-06;2023-07,100.0,none
Birr co offlay,7,212,212,212,2023-01-01,2023-07-31 00:00:00,7,2023-01;2023-02;2023-03;2023-04;2023-05;2023-06;2023-07,100.0,none
Birr co offlay,8,212,212,212,2023-01-01,2023-07-31 00:00:00,7,2023-01;2023-02;2023-03;2023-04;2023-05;2023-06;2023-07,100.0,none
Birr co offlay,9,212,212,212,2023-01-01,2023-07-31 00:00:00,7,2023-01;2023-02;2023-03;2023-04;2023-05;2023-06;2023-07,100.0,none
Birr co offlay,10,212,212,212,2023-01-01,2023-07-31 00:00:00,7,2023-01;2023-02;2023-03;2023-04;2023-05;2023-06;2023-07,100.0,none
Birr co offlay,11,212,212,212,2023-01-01,2023-07-31 00:00:00,7,2023-01;2023-02;2023-03;2023-04;2023-05;2023-06;2023-07,100.0,none
Birr co offlay,12,212,212,212,2023-01-01,2023-07-31 00:00:00,7,2023-01;2023-02;2023-03;2023-04;2023-05;2023-06;2023-07,100.0,none
Birr co offlay,13,212,212,212,2023-01-01,2023-07-31 00:00:00,7,2023-01;2023-02;2023-03;2023-04;2023-05;2023-06;2023-07,100.0,none
Birr co offlay,14,212,212,212,2023-01-01,2023-07-31 00:00:00,7,2023-01;2023-02;2023-03;2023-04;2023-05;2023-06;2023-07,100.0,none
Birr co offlay,15,212,212,212,2023-01-01,2023-07-31 00:00:00,7,2023-01;2023-02;2023-03;2023-04;2023-05;2023-06;2023-07,100.0,none
Birr co offlay,16,212,212,212,2023-01-01,2023-07-31 00:00:00,7,2023-01;2023-02;2023-03;2023-04;2023-05;2023-06;2023-07,100.0,none
Birr co offlay,17,212,212,212,2023-01-01,2023-07-31 00:00:00,7,2023-01;2023-02;2023-03;2023-04;2023-05;2023-06;2023-07,100.0,none
Birr co offlay,18,212,212,212,2023-01-01,2023-07-31 00:00:00,7,2023-01;2023-02;2023-03;2023-04;2023-05;2023-06;2023-07,100.0,none
Birr co offlay,19,212,212,212,2023-01-01,2023-07-31 00:00:00,7,2023-01;2023-02;2023-03;2023-04;2023-05;2023-06;2023-07,100.0,none
Birr co offlay,20,212,212,212,2023-01-01,2023-07-31 00:00:00,7,2023-01;2023-02;2023-03;2023-04;2023-05;2023-06;2023-07,100.0,none
Birr co offlay,21,212,212,212,2023-01-01,2023-07-31 00:00:00,7,2023-01;2023-02;2023-03;2023-04;2023-05;2023-06;2023-07,100.0,none
Birr co offlay,22,212,212,212,2023-01-01,2023-07-31 00:00:00,7,2023-01;2023-02;2023-03;2023-04;2023-05;2023-06;2023-07,100.0,none
Birr co offlay,23,212,212,212,2023-01-01,2023-07-31 00:00:00,7,2023-01;2023-02;2023-03;2023-04;2023-05;2023-06;2023-07,100.0,none
Birr co offlay,24,212,212,212,2023-01-01,2023-07-31 00:00:00,7,2023-01;2023-02;2023-03;2023-04;2023-05;2023-06;2023-07,100.0,none
Dublin Airport,1,145,145,145,2023-01-01,2023-05-25 00:00:00,5,2023-01;2023-02;2023-03;2023-04;2023-05,100.0,none
Dublin Airport,2,145,145,145,2023-01-01,2023-05-25 00:00:00,5,2023-01;2023-02;2023-03;2023-04;2023-05,100.0,none
Dublin Airport,3,145,145,145,2023-01-01,2023-05-25 00:00:00,5,2023-01;2023-02;2023-03;2023-04;2023-05,100.0,none
Dublin Airport,4,145,145,145,2023-01-01,2023-05-25 00:00:00,5,2023-01;2023-02;2023-03;2023-04;2023-05,100.0,none
Dublin Airport,5,145,145,145,2023-01-01,2023-05-25 00:00:00,5,2023-01;2023-02;2023-03;2023-04;2023-05,100.0,none
Dublin Airport,6,145,145,145,2023-01-01,2023-05-25 00:00:00,5,2023-01;2023-02;2023-03;2023-04;2023-05,100.0,none
Dublin Airport,7,145,145,145,2023-01-01,2023-05-25 00:00:00,5,2023-01;2023-02;2023-03;2023-04;2023-05,100.0,none
Dublin Airport,8,145,145,145,2023-01-01,2023-05-25 00:00:00,5,2023-01;2023-02;2023-03;2023-04;2023-05,100.0,none
Dublin Airport,9,145,145,145,2023-01-01,2023-05-25 00:00:00,5,2023-01;2023-02;2023-03;2023-04;2023-05,100.0,none
Dublin Airport,10,145,145,145,2023-01-01,2023-05-25 00:00:00,5,2023-01;2023-02;2023-03;2023-04;2023-05,100.0,none
Dublin Airport,11,145,145,145,2023-01-01,2023-05-25 00:00:00,5,2023-01;2023-02;2023-03;2023-04;2023-05,100.0,none
Dublin Airport,12,145,145,145,2023-01-01,2023-05-25 00:00:00,5,2023-01;2023-02;2023-03;2023-04;2023-05,100.0,none
Dublin Airport,13,145,145,145,2023-01-01,2023-05-25 00:00:00,5,2023-01;2023-02;2023-03;2023-04;2023-05,100.0,none
Dublin Airport,14,145,145,145,2023-01-01,2023-05-25 00:00:00,5,2023-01;2023-02;2023-03;2023-04;2023-05,100.0,none
Dublin Airport,15,145,145,145,2023-01-01,2023-05-25 00:00:00,5,2023-01;2023-02;2023-03;2023-04;2023-05,100.0,none
Dublin Airport,16,145,145,145,2023-01-01,2023-05-25 00:00:00,5,2023-01;2023-02;2023-03;2023-04;2023-05,100.0,none
Dublin Airport,17,145,145,145,2023-01-01,2023-05-25 00:00:00,5,2023-01;2023-02;2023-03;2023-04;2023-05,100.0,none
Dublin Airport,18,145,145,145,2023-01-01,2023-05-25 00:00:00,5,2023-01;2023-02;2023-03;2023-04;2023-05,100.0,none
Dublin Airport,19,145,145,145,2023-01-01,2023-05-25 00:00:00,5,2023-01;2023-02;2023-03;2023-04;2023-05,100.0,none
Dublin Airport,20,145,145,145,2023-01-01,2023-05-25 00:00:00,5,2023-01;2023-02;2023-03;2023-04;2023-05,100.0,none
Dublin Airport,21,145,145,145,2023-01-01,2023-05-25 00:00:00,5,2023-01;2023-02;2023-03;2023-04;2023-05,100.0,none
Dublin Airport,22,145,145,145,2023-01-01,2023-05-25 00:00:00,5,2023-01;2023-02;2023-03;2023-04;2023-05,100.0,none
Dublin Airport,23,145,145,145,2023-01-01,2023-05-25 00:00:00,5,2023-01;2023-02;2023-03;2023-04;2023-05,100.0,none
Dublin Airport,24,145,145,145,2023-01-01,2023-05-25 00:00:00,5,2023-01;2023-02;2023-03;2023-04;2023-05,100.0,none
Dundalk Co Louth,1,154,154,154,2023-01-01,2023-06-03 00:00:00,6,2023-01;2023-02;2023-03;2023-04;2023-05;2023-06,100.0,none
Dundalk Co Louth,2,154,154,154,2023-01-01,2023-06-03 00:00:00,6,2023-01;2023-02;2023-03;2023-04;2023-05;2023-06,100.0,none
Dundalk Co Louth,3,154,154,154,2023-01-01,2023-06-03 00:00:00,6,2023-01;2023-02;2023-03;2023-04;2023-05;2023-06,100.0,none
Dundalk Co Louth,4,154,154,154,2023-01-01,2023-06-03 00:00:00,6,2023-01;2023-02;2023-03;2023-04;2023-05;2023-06,100.0,none
Dundalk Co Louth,5,154,154,154,2023-01-01,2023-06-03 00:00:00,6,2023-01;2023-02;2023-03;2023-04;2023-05;2023-06,100.0,none
Dundalk Co Louth,6,154,154,154,2023-01-01,2023-06-03 00:00:00,6,2023-01;2023-02;2023-03;2023-04;2023-05;2023-06,100.0,none
Dundalk Co Louth,7,154,154,154,2023-01-01,2023-06-03 00:00:00,6,2023-01;2023-02;2023-03;2023-04;2023-05;2023-06,100.0,none
Dundalk Co Louth,8,154,154,154,2023-01-01,2023-06-03 00:00:00,6,2023-01;2023-02;2023-03;2023-04;2023-05;2023-06,100.0,none
Dundalk Co Louth,9,154,154,154,2023-01-01,2023-06-03 00:00:00,6,2023-01;2023-02;2023-03;2023-04;2023-05;2023-06,100.0,none
Dundalk Co Louth,10,154,154,154,2023-01-01,2023-06-03 00:00:00,6,2023-01;2023-02;2023-03;2023-04;2023-05;2023-06,100.0,none
Dundalk Co Louth,11,154,154,154,2023-01-01,2023-06-03 00:00:00,6,2023-01;2023-02;2023-03;2023-04;2023-05;2023-06,100.0,none
Dundalk Co Louth,12,154,154,154,2023-01-01,2023-06-03 00:00:00,6,2023-01;2023-02;2023-03;2023-04;2023-05;2023-06,100.0,none
Dundalk Co Louth,13,154,154,154,2023-01-01,2023-06-03 00:00:00,6,2023-01;2023-02;2023-03;2023-04;2023-05;2023-06,100.0,none
Dundalk Co Louth,14,154,154,154,2023-01-01,2023-06-03 00:00:00,6,2023-01;2023-02;2023-03;2023-04;2023-05;2023-06,100.0,none
Dundalk Co Louth,15,154,154,154,2023-01-01,2023-06-03 00:00:00,6,2023-01;2023-02;2023-03;2023-04;2023-05;2023-06,100.0,none
Dundalk Co Louth,16,154,154,154,2023-01-01,2023-06-03 00:00:00,6,2023-01;2023-02;2023-03;2023-04;2023-05;2023-06,100.0,none
Dundalk Co Louth,17,154,154,154,2023-01-01,2023-06-03 00:00:00,6,2023-01;2023-02;2023-03;2023-04;2023-05;2023-06,100.0,none
Dundalk Co Louth,18,154,154,154,2023-01-01,2023-06-03 00:00:00,6,2023-01;2023-02;2023-03;2023-04;2023-05;2023-06,100.0,none
Dundalk Co Louth,19,154,154,154,2023-01-01,2023-06-03 00:00:00,6,2023-01;2023-02;2023-03;2023-04;2023-05;2023-06,100.0,none
Dundalk Co Louth,20,154,154,154,2023-01-01,2023-06-03 00:00:00,6,2023-01;2023-02;2023-03;2023-04;2023-05;2023-06,100.0,none
Dundalk Co Louth,21,154,154,154,2023-01-01,2023-06-03 00:00:00,6,2023-01;2023-02;2023-03;2023-04;2023-05;2023-06,100.0,none
Dundalk Co Louth,22,154,154,154,2023-01-01,2023-06-03 00:00:00,6,2023-01;2023-02;2023-03;2023-04;2023-05;2023-06,100.0,none
Dundalk Co Louth,23,154,154,154,2023-01-01,2023-06-03 00:00:00,6,2023-01;2023-02;2023-03;2023-04;2023-05;2023-06,100.0,none
Dundalk Co Louth,24,154,154,154,2023-01-01,2023-06-03 00:00:00,6,2023-01;2023-02;2023-03;2023-04;2023-05;2023-06,100.0,none
Madrid Casa de Campo,1,362,362,362,2023-01-01,2023-12-30 00:00:00,12,2023-01;2023-02;2023-03;2023-04;2023-05;2023-06;2023-07;2023-08;2023-09;2023-10;2023-11;2023-12,100.0,none
Madrid Casa de Campo,2,362,362,362,2023-01-01,2023-12-30 00:00:00,12,2023-01;2023-02;2023-03;2023-04;2023-05;2023-06;2023-07;2023-08;2023-09;2023-10;2023-11;2023-12,100.0,none
Madrid Casa de Campo,3,362,362,362,2023-01-01,2023-12-30 00:00:00,12,2023-01;2023-02;2023-03;2023-04;2023-05;2023-06;2023-07;2023-08;2023-09;2023-10;2023-11;2023-12,100.0,none
Madrid Casa de Campo,4,362,362,362,2023-01-01,2023-12-30 00:00:00,12,2023-01;2023-02;2023-03;2023-04;2023-05;2023-06;2023-07;2023-08;2023-09;2023-10;2023-11;2023-12,100.0,none
Madrid Casa de Campo,5,362,362,362,2023-01-01,2023-12-30 00:00:00,12,2023-01;2023-02;2023-03;2023-04;2023-05;2023-06;2023-07;2023-08;2023-09;2023-10;2023-11;2023-12,100.0,none
Madrid Casa de Campo,6,362,362,362,2023-01-01,2023-12-30 00:00:00,12,2023-01;2023-02;2023-03;2023-04;2023-05;2023-06;2023-07;2023-08;2023-09;2023-10;2023-11;2023-12,100.0,none
Madrid Casa de Campo,7,362,362,362,2023-01-01,2023-12-30 00:00:00,12,2023-01;2023-02;2023-03;2023-04;2023-05;2023-06;2023-07;2023-08;2023-09;2023-10;2023-11;2023-12,100.0,none
Madrid Casa de Campo,8,362,362,362,2023-01-01,2023-12-30 00:00:00,12,2023-01;2023-02;2023-03;2023-04;2023-05;2023-06;2023-07;2023-08;2023-09;2023-10;2023-11;2023-12,100.0,none
Madrid Casa de Campo,9,362,362,362,2023-01-01,2023-12-30 00:00:00,12,2023-01;2023-02;2023-03;2023-04;2023-05;2023-06;2023-07;2023-08;2023-09;2023-10;2023-11;2023-12,100.0,none
Madrid Casa de Campo,10,362,362,362,2023-01-01,2023-12-30 00:00:00,12,2023-01;2023-02;2023-03;2023-04;2023-05;2023-06;2023-07;2023-08;2023-09;2023-10;2023-11;2023-12,100.0,none
Madrid Casa de Campo,11,362,362,362,2023-01-01,2023-12-30 00:00:00,12,2023-01;2023-02;2023-03;2023-04;2023-05;2023-06;2023-07;2023-08;2023-09;2023-10;2023-11;2023-12,100.0,none
Madrid Casa de Campo,12,362,362,362,2023-01-01,2023-12-30 00:00:00,12,2023-01;2023-02;2023-03;2023-04;2023-05;2023-06;2023-07;2023-08;2023-09;2023-10;2023-11;2023-12,100.0,none
Madrid Casa de Campo,13,362,362,362,2023-01-01,2023-12-30 00:00:00,12,2023-01;2023-02;2023-03;2023-04;2023-05;2023-06;2023-07;2023-08;2023-09;2023-10;2023-11;2023-12,100.0,none
Madrid Casa de Campo,14,362,362,362,2023-01-01,2023-12-30 00:00:00,12,2023-01;2023-02;2023-03;2023-04;2023-05;2023-06;2023-07;2023-08;2023-09;2023-10;2023-11;2023-12,100.0,none
Madrid Casa de Campo,15,362,362,362,2023-01-01,2023-12-30 00:00:00,12,2023-01;2023-02;2023-03;2023-04;2023-05;2023-06;2023-07;2023-08;2023-09;2023-10;2023-11;2023-12,100.0,none
Madrid Casa de Campo,16,362,362,362,2023-01-01,2023-12-30 00:00:00,12,2023-01;2023-02;2023-03;2023-04;2023-05;2023-06;2023-07;2023-08;2023-09;2023-10;2023-11;2023-12,100.0,none
Madrid Casa de Campo,17,362,362,362,2023-01-01,2023-12-30 00:00:00,12,2023-01;2023-02;2023-03;2023-04;2023-05;2023-06;2023-07;2023-08;2023-09;2023-10;2023-11;2023-12,100.0,none
Madrid Casa de Campo,18,362,362,362,2023-01-01,2023-12-30 00:00:00,12,2023-01;2023-02;2023-03;2023-04;2023-05;2023-06;2023-07;2023-08;2023-09;2023-10;2023-11;2023-12,100.0,none
Madrid Casa de Campo,19,362,362,362,2023-01-01,2023-12-30 00:00:00,12,2023-01;2023-02;2023-03;2023-04;2023-05;2023-06;2023-07;2023-08;2023-09;2023-10;2023-11;2023-12,100.0,none
Madrid Casa de Campo,20,362,362,362,2023-01-01,2023-12-30 00:00:00,12,2023-01;2023-02;2023-03;2023-04;2023-05;2023-06;2023-07;2023-08;2023-09;2023-10;2023-11;2023-12,100.0,none
Madrid Casa de Campo,21,362,362,362,2023-01-01,2023-12-30 00:00:00,12,2023-01;2023-02;2023-03;2023-04;2023-05;2023-06;2023-07;2023-08;2023-09;2023-10;2023-11;2023-12,100.0,none
Madrid Casa de Campo,22,362,362,362,2023-01-01,2023-12-30 00:00:00,12,2023-01;2023-02;2023-03;2023-04;2023-05;2023-06;2023-07;2023-08;2023-09;2023-10;2023-11;2023-12,100.0,none
Madrid Casa de Campo,23,362,362,362,2023-01-01,2023-12-30 00:00:00,12,2023-01;2023-02;2023-03;2023-04;2023-05;2023-06;2023-07;2023-08;2023-09;2023-10;2023-11;2023-12,100.0,none
Madrid Casa de Campo,24,362,362,362,2023-01-01,2023-12-30 00:00:00,12,2023-01;2023-02;2023-03;2023-04;2023-05;2023-06;2023-07;2023-08;2023-09;2023-10;2023-11;2023-12,100.0,none
Pearse street dublin,1,212,212,212,2023-01-01,2023-07-31 00:00:00,7,2023-01;2023-02;2023-03;2023-04;2023-05;2023-06;2023-07,100.0,none
Pearse street dublin,2,212,212,212,2023-01-01,2023-07-31 00:00:00,7,2023-01;2023-02;2023-03;2023-04;2023-05;2023-06;2023-07,100.0,none
Pearse street dublin,3,212,212,212,2023-01-01,2023-07-31 00:00:00,7,2023-01;2023-02;2023-03;2023-04;2023-05;2023-06;2023-07,100.0,none
Pearse street dublin,4,212,212,212,2023-01-01,2023-07-31 00:00:00,7,2023-01;2023-02;2023-03;2023-04;2023-05;2023-06;2023-07,100.0,none
Pearse street dublin,5,212,212,212,2023-01-01,2023-07-31 00:00:00,7,2023-01;2023-02;2023-03;2023-04;2023-05;2023-06;2023-07,100.0,none
Pearse street dublin,6,212,212,212,2023-01-01,2023-07-31 00:00:00,7,2023-01;2023-02;2023-03;2023-04;2023-05;2023-06;2023-07,100.0,none
Pearse street dublin,7,212,212,212,2023-01-01,2023-07-31 00:00:00,7,2023-01;2023-02;2023-03;2023-04;2023-05;2023-06;2023-07,100.0,none
Pearse street dublin,8,212,212,212,2023-01-01,2023-07-31 00:00:00,7,2023-01;2023-02;2023-03;2023-04;2023-05;2023-06;2023-07,100.0,none
Pearse street dublin,9,212,212,212,2023-01-01,2023-07-31 00:00:00,7,2023-01;2023-02;2023-03;2023-04;2023-05;2023-06;2023-07,100.0,none
Pearse street dublin,10,212,212,212,2023-01-01,2023-07-31 00:00:00,7,2023-01;2023-02;2023-03;2023-04;2023-05;2023-06;2023-07,100.0,none
Pearse street dublin,11,212,212,212,2023-01-01,2023-07-31 00:00:00,7,2023-01;2023-02;2023-03;2023-04;2023-05;2023-06;2023-07,100.0,none
Pearse street dublin,12,212,212,212,2023-01-01,2023-07-31 00:00:00,7,2023-01;2023-02;2023-03;2023-04;2023-05;2023-06;2023-07,100.0,none
Pearse street dublin,13,212,212,212,2023-01-01,2023-07-31 00:00:00,7,2023-01;2023-02;2023-03;2023-04;2023-05;2023-06;2023-07,100.0,none
Pearse street dublin,14,212,212,212,2023-01-01,2023-07-31 00:00:00,7,2023-01;2023-02;2023-03;2023-04;2023-05;2023-06;2023-07,100.0,none
Pearse street dublin,15,212,212,212,2023-01-01,2023-07-31 00:00:00,7,2023-01;2023-02;2023-03;2023-04;2023-05;2023-06;2023-07,100.0,none
Pearse street dublin,16,212,212,212,2023-01-01,2023-07-31 00:00:00,7,2023-01;2023-02;2023-03;2023-04;2023-05;2023-06;2023-07,100.0,none
Pearse street dublin,17,212,212,212,2023-01-01,2023-07-31 00:00:00,7,2023-01;2023-02;2023-03;2023-04;2023-05;2023-06;2023-07,100.0,none
Pearse street dublin,18,212,212,212,2023-01-01,2023-07-31 00:00:00,7,2023-01;2023-02;2023-03;2023-04;2023-05;2023-06;2023-07,100.0,none
Pearse street dublin,19,212,212,212,2023-01-01,2023-07-31 00:00:00,7,2023-01;2023-02;2023-03;2023-04;2023-05;2023-06;2023-07,100.0,none
Pearse street dublin,20,212,212,212,2023-01-01,2023-07-31 00:00:00,7,2023-01;2023-02;2023-03;2023-04;2023-05;2023-06;2023-07,100.0,none
Pearse street dublin,21,212,212,212,2023-01-01,2023-07-31 00:00:00,7,2023-01;2023-02;2023-03;2023-04;2023-05;2023-06;2023-07,100.0,none
Pearse street dublin,22,212,212,212,2023-01-01,2023-07-31 00:00:00,7,2023-01;2023-02;2023-03;2023-04;2023-05;2023-06;2023-07,100.0,none
Pearse street dublin,23,212,212,212,2023-01-01,2023-07-31 00:00:00,7,2023-01;2023-02;2023-03;2023-04;2023-05;2023-06;2023-07,100.0,none
Pearse street dublin,24,212,212,212,2023-01-01,2023-07-31 00:00:00,7,2023-01;2023-02;2023-03;2023-04;2023-05;2023-06;2023-07,100.0,none
Ringsend dublin,1,212,212,212,2023-01-01,2023-07-31 00:00:00,7,2023-01;2023-02;2023-03;2023-04;2023-05;2023-06;2023-07,100.0,none
Ringsend dublin,2,212,212,212,2023-01-01,2023-07-31 00:00:00,7,2023-01;2023-02;2023-03;2023-04;2023-05;2023-06;2023-07,100.0,none
Ringsend dublin,3,212,212,212,2023-01-01,2023-07-31 00:00:00,7,2023-01;2023-02;2023-03;2023-04;2023-05;2023-06;2023-07,100.0,none
Ringsend dublin,4,212,212,212,2023-01-01,2023-07-31 00:00:00,7,2023-01;2023-02;2023-03;2023-04;2023-05;2023-06;2023-07,100.0,none
Ringsend dublin,5,212,212,212,2023-01-01,2023-07-31 00:00:00,7,2023-01;2023-02;2023-03;2023-04;2023-05;2023-06;2023-07,100.0,none
Ringsend dublin,6,212,212,212,2023-01-01,2023-07-31 00:00:00,7,2023-01;2023-02;2023-03;2023-04;2023-05;2023-06;2023-07,100.0,none
Ringsend dublin,7,212,212,212,2023-01-01,2023-07-31 00:00:00,7,2023-01;2023-02;2023-03;2023-04;2023-05;2023-06;2023-07,100.0,none
Ringsend dublin,8,212,212,212,2023-01-01,2023-07-31 00:00:00,7,2023-01;2023-02;2023-03;2023-04;2023-05;2023-06;2023-07,100.0,none
Ringsend dublin,9,212,212,212,2023-01-01,2023-07-31 00:00:00,7,2023-01;2023-02;2023-03;2023-04;2023-05;2023-06;2023-07,100.0,none
Ringsend dublin,10,212,212,212,2023-01-01,2023-07-31 00:00:00,7,2023-01;2023-02;2023-03;2023-04;2023-05;2023-06;2023-07,100.0,none
Ringsend dublin,11,212,212,212,2023-01-01,2023-07-31 00:00:00,7,2023-01;2023-02;2023-03;2023-04;2023-05;2023-06;2023-07,100.0,none
Ringsend dublin,12,212,212,212,2023-01-01,2023-07-31 00:00:00,7,2023-01;2023-02;2023-03;2023-04;2023-05;2023-06;2023-07,100.0,none
Ringsend dublin,13,212,212,212,2023-01-01,2023-07-31 00:00:00,7,2023-01;2023-02;2023-03;2023-04;2023-05;2023-06;2023-07,100.0,none
Ringsend dublin,14,212,212,212,2023-01-01,2023-07-31 00:00:00,7,2023-01;2023-02;2023-03;2023-04;2023-05;2023-06;2023-07,100.0,none
Ringsend dublin,15,212,212,212,2023-01-01,2023-07-31 00:00:00,7,2023-01;2023-02;2023-03;2023-04;2023-05;2023-06;2023-07,100.0,none
Ringsend dublin,16,212,212,212,2023-01-01,2023-07-31 00:00:00,7,2023-01;2023-02;2023-03;2023-04;2023-05;2023-06;2023-07,100.0,none
Ringsend dublin,17,212,212,212,2023-01-01,2023-07-31 00:00:00,7,2023-01;2023-02;2023-03;2023-04;2023-05;2023-06;2023-07,100.0,none
Ringsend dublin,18,212,212,212,2023-01-01,2023-07-31 00:00:00,7,2023-01;2023-02;2023-03;2023-04;2023-05;2023-06;2023-07,100.0,none
Ringsend dublin,19,212,212,212,2023-01-01,2023-07-31 00:00:00,7,2023-01;2023-02;2023-03;2023-04;2023-05;2023-06;2023-07,100.0,none
Ringsend dublin,20,212,212,212,2023-01-01,2023-07-31 00:00:00,7,2023-01;2023-02;2023-03;2023-04;2023-05;2023-06;2023-07,100.0,none
Ringsend dublin,21,212,212,212,2023-01-01,2023-07-31 00:00:00,7,2023-01;2023-02;2023-03;2023-04;2023-05;2023-06;2023-07,100.0,none
Ringsend dublin,22,212,212,212,2023-01-01,2023-07-31 00:00:00,7,2023-01;2023-02;2023-03;2023-04;2023-05;2023-06;2023-07,100.0,none
Ringsend dublin,23,212,212,212,2023-01-01,2023-07-31 00:00:00,7,2023-01;2023-02;2023-03;2023-04;2023-05;2023-06;2023-07,100.0,none
Ringsend dublin,24,212,212,212,2023-01-01,2023-07-31 00:00:00,7,2023-01;2023-02;2023-03;2023-04;2023-05;2023-06;2023-07,100.0,none
edenderry co offlay,1,211,211,211,2023-01-01,2023-07-31 15:00:00,7,2023-01;2023-02;2023-03;2023-04;2023-05;2023-06;2023-07,100.0,none
edenderry co offlay,2,211,211,211,2023-01-01,2023-07-31 15:00:00,7,2023-01;2023-02;2023-03;2023-04;2023-05;2023-06;2023-07,100.0,none
edenderry co offlay,3,211,211,211,2023-01-01,2023-07-31 15:00:00,7,2023-01;2023-02;2023-03;2023-04;2023-05;2023-06;2023-07,100.0,none
edenderry co offlay,4,211,211,211,2023-01-01,2023-07-31 15:00:00,7,2023-01;2023-02;2023-03;2023-04;2023-05;2023-06;2023-07,100.0,none
edenderry co offlay,5,211,211,211,2023-01-01,2023-07-31 15:00:00,7,2023-01;2023-02;2023-03;2023-04;2023-05;2023-06;2023-07,100.0,none
edenderry co offlay,6,211,211,211,2023-01-01,2023-07-31 15:00:00,7,2023-01;2023-02;2023-03;2023-04;2023-05;2023-06;2023-07,100.0,none
edenderry co offlay,7,211,211,211,2023-01-01,2023-07-31 15:00:00,7,2023-01;2023-02;2023-03;2023-04;2023-05;2023-06;2023-07,100.0,none
edenderry co offlay,8,211,211,211,2023-01-01,2023-07-31 15:00:00,7,2023-01;2023-02;2023-03;2023-04;2023-05;2023-06;2023-07,100.0,none
edenderry co offlay,9,211,211,211,2023-01-01,2023-07-31 15:00:00,7,2023-01;2023-02;2023-03;2023-04;2023-05;2023-06;2023-07,100.0,none
edenderry co offlay,10,211,211,211,2023-01-01,2023-07-31 15:00:00,7,2023-01;2023-02;2023-03;2023-04;2023-05;2023-06;2023-07,100.0,none
edenderry co offlay,11,211,211,211,2023-01-01,2023-07-31 15:00:00,7,2023-01;2023-02;2023-03;2023-04;2023-05;2023-06;2023-07,100.0,none
edenderry co offlay,12,211,211,211,2023-01-01,2023-07-31 15:00:00,7,2023-01;2023-02;2023-03;2023-04;2023-05;2023-06;2023-07,100.0,none
edenderry co offlay,13,211,211,211,2023-01-01,2023-07-31 15:00:00,7,2023-01;2023-02;2023-03;2023-04;2023-05;2023-06;2023-07,100.0,none
edenderry co offlay,14,211,211,211,2023-01-01,2023-07-31 15:00:00,7,2023-01;2023-02;2023-03;2023-04;2023-05;2023-06;2023-07,100.0,none
edenderry co offlay,15,211,211,211,2023-01-01,2023-07-31 15:00:00,7,2023-01;2023-02;2023-03;2023-04;2023-05;2023-06;2023-07,100.0,none
edenderry co offlay,16,211,211,211,2023-01-01,2023-07-31 15:00:00,7,2023-01;2023-02;2023-03;2023-04;2023-05;2023-06;2023-07,100.0,none
edenderry co offlay,17,211,211,211,2023-01-01,2023-07-31 15:00:00,7,2023-01;2023-02;2023-03;2023-04;2023-05;2023-06;2023-07,100.0,none
edenderry co offlay,18,211,211,211,2023-01-01,2023-07-31 15:00:00,7,2023-01;2023-02;2023-03;2023-04;2023-05;2023-06;2023-07,100.0,none
edenderry co offlay,19,211,211,211,2023-01-01,2023-07-31 15:00:00,7,2023-01;2023-02;2023-03;2023-04;2023-05;2023-06;2023-07,100.0,none
edenderry co offlay,20,211,211,211,2023-01-01,2023-07-31 15:00:00,7,2023-01;2023-02;2023-03;2023-04;2023-05;2023-06;2023-07,100.0,none
edenderry co offlay,21,211,211,211,2023-01-01,2023-07-31 15:00:00,7,2023-01;2023-02;2023-03;2023-04;2023-05;2023-06;2023-07,100.0,none
edenderry co offlay,22,211,211,211,2023-01-01,2023-07-31 15:00:00,7,2023-01;2023-02;2023-03;2023-04;2023-05;2023-06;2023-07,100.0,none
edenderry co offlay,23,211,211,211,2023-01-01,2023-07-31 15:00:00,7,2023-01;2023-02;2023-03;2023-04;2023-05;2023-06;2023-07,100.0,none
edenderry co offlay,24,211,211,211,2023-01-01,2023-07-31 15:00:00,7,2023-01;2023-02;2023-03;2023-04;2023-05;2023-06;2023-07,100.0,none
henry street Limerick,1,211,211,211,2023-01-01,2023-07-31 08:00:00,7,2023-01;2023-02;2023-03;2023-04;2023-05;2023-06;2023-07,100.0,none
henry street Limerick,2,211,211,211,2023-01-01,2023-07-31 08:00:00,7,2023-01;2023-02;2023-03;2023-04;2023-05;2023-06;2023-07,100.0,none
henry street Limerick,3,211,211,211,2023-01-01,2023-07-31 08:00:00,7,2023-01;2023-02;2023-03;2023-04;2023-05;2023-06;2023-07,100.0,none
henry street Limerick,4,211,211,211,2023-01-01,2023-07-31 08:00:00,7,2023-01;2023-02;2023-03;2023-04;2023-05;2023-06;2023-07,100.0,none
henry street Limerick,5,211,211,211,2023-01-01,2023-07-31 08:00:00,7,2023-01;2023-02;2023-03;2023-04;2023-05;2023-06;2023-07,100.0,none
henry street Limerick,6,211,211,211,2023-01-01,2023-07-31 08:00:00,7,2023-01;2023-02;2023-03;2023-04;2023-05;2023-06;2023-07,100.0,none
henry street Limerick,7,211,211,211,2023-01-01,2023-07-31 08:00:00,7,2023-01;2023-02;2023-03;2023-04;2023-05;2023-06;2023-07,100.0,none
henry street Limerick,8,211,211,211,2023-01-01,2023-07-31 08:00:00,7,2023-01;2023-02;2023-03;2023-04;2023-05;2023-06;2023-07,100.0,none
henry street Limerick,9,211,211,211,2023-01-01,2023-07-31 08:00:00,7,2023-01;2023-02;2023-03;2023-04;2023-05;2023-06;2023-07,100.0,none
henry street Limerick,10,211,211,211,2023-01-01,2023-07-31 08:00:00,7,2023-01;2023-02;2023-03;2023-04;2023-05;2023-06;2023-07,100.0,none
henry street Limerick,11,211,211,211,2023-01-01,2023-07-31 08:00:00,7,2023-01;2023-02;2023-03;2023-04;2023-05;2023-06;2023-07,100.0,none
henry street Limerick,12,211,211,211,2023-01-01,2023-07-31 08:00:00,7,2023-01;2023-02;2023-03;2023-04;2023-05;2023-06;2023-07,100.0,none
henry street Limerick,13,211,211,211,2023-01-01,2023-07-31 08:00:00,7,2023-01;2023-02;2023-03;2023-04;2023-05;2023-06;2023-07,100.0,none
henry street Limerick,14,211,211,211,2023-01-01,2023-07-31 08:00:00,7,2023-01;2023-02;2023-03;2023-04;2023-05;2023-06;2023-07,100.0,none
henry street Limerick,15,211,211,211,2023-01-01,2023-07-31 08:00:00,7,2023-01;2023-02;2023-03;2023-04;2023-05;2023-06;2023-07,100.0,none
henry street Limerick,16,211,211,211,2023-01-01,2023-07-31 08:00:00,7,2023-01;2023-02;2023-03;2023-04;2023-05;2023-06;2023-07,100.0,none
henry street Limerick,17,211,211,211,2023-01-01,2023-07-31 08:00:00,7,2023-01;2023-02;2023-03;2023-04;2023-05;2023-06;2023-07,100.0,none
henry street Limerick,18,211,211,211,2023-01-01,2023-07-31 08:00:00,7,2023-01;2023-02;2023-03;2023-04;2023-05;2023-06;2023-07,100.0,none
henry street Limerick,19,211,211,211,2023-01-01,2023-07-31 08:00:00,7,2023-01;2023-02;2023-03;2023-04;2023-05;2023-06;2023-07,100.0,none
henry street Limerick,20,211,211,211,2023-01-01,2023-07-31 08:00:00,7,2023-01;2023-02;2023-03;2023-04;2023-05;2023-06;2023-07,100.0,none
henry street Limerick,21,211,211,211,2023-01-01,2023-07-31 08:00:00,7,2023-01;2023-02;2023-03;2023-04;2023-05;2023-06;2023-07,100.0,none
henry street Limerick,22,211,211,211,2023-01-01,2023-07-31 08:00:00,7,2023-01;2023-02;2023-03;2023-04;2023-05;2023-06;2023-07,100.0,none
henry street Limerick,23,211,211,211,2023-01-01,2023-07-31 08:00:00,7,2023-01;2023-02;2023-03;2023-04;2023-05;2023-06;2023-07,100.0,none
henry street Limerick,24,211,211,211,2023-01-01,2023-07-31 08:00:00,7,2023-01;2023-02;2023-03;2023-04;2023-05;2023-06;2023-07,100.0,none
porrlaoise co laois,1,212,212,212,2023-01-01,2023-07-31 00:00:00,7,2023-01;2023-02;2023-03;2023-04;2023-05;2023-06;2023-07,100.0,none
porrlaoise co laois,2,212,212,212,2023-01-01,2023-07-31 00:00:00,7,2023-01;2023-02;2023-03;2023-04;2023-05;2023-06;2023-07,100.0,none
porrlaoise co laois,3,212,212,212,2023-01-01,2023-07-31 00:00:00,7,2023-01;2023-02;2023-03;2023-04;2023-05;2023-06;2023-07,100.0,none
porrlaoise co laois,4,212,212,212,2023-01-01,2023-07-31 00:00:00,7,2023-01;2023-02;2023-03;2023-04;2023-05;2023-06;2023-07,100.0,none
porrlaoise co laois,5,212,212,212,2023-01-01,2023-07-31 00:00:00,7,2023-01;2023-02;2023-03;2023-04;2023-05;2023-06;2023-07,100.0,none
porrlaoise co laois,6,212,212,212,2023-01-01,2023-07-31 00:00:00,7,2023-01;2023-02;2023-03;2023-04;2023-05;2023-06;2023-07,100.0,none
porrlaoise co laois,7,212,212,212,2023-01-01,2023-07-31 00:00:00,7,2023-01;2023-02;2023-03;2023-04;2023-05;2023-06;2023-07,100.0,none
porrlaoise co laois,8,212,212,212,2023-01-01,2023-07-31 00:00:00,7,2023-01;2023-02;2023-03;2023-04;2023-05;2023-06;2023-07,100.0,none
porrlaoise co laois,9,212,212,212,2023-01-01,2023-07-31 00:00:00,7,2023-01;2023-02;2023-03;2023-04;2023-05;2023-06;2023-07,100.0,none
porrlaoise co laois,10,212,212,212,2023-01-01,2023-07-31 00:00:00,7,2023-01;2023-02;2023-03;2023-04;2023-05;2023-06;2023-07,100.0,none
porrlaoise co laois,11,212,212,212,2023-01-01,2023-07-31 00:00:00,7,2023-01;2023-02;2023-03;2023-04;2023-05;2023-06;2023-07,100.0,none
porrlaoise co laois,12,212,212,212,2023-01-01,2023-07-31 00:00:00,7,2023-01;2023-02;2023-03;2023-04;2023-05;2023-06;2023-07,100.0,none
porrlaoise co laois,13,212,212,212,2023-01-01,2023-07-31 00:00:00,7,2023-01;2023-02;2023-03;2023-04;2023-05;2023-06;2023-07,100.0,none
porrlaoise co laois,14,212,212,212,2023-01-01,2023-07-31 00:00:00,7,2023-01;2023-02;2023-03;2023-04;2023-05;2023-06;2023-07,100.0,none
porrlaoise co laois,15,212,212,212,2023-01-01,2023-07-31 00:00:00,7,2023-01;2023-02;2023-03;2023-04;2023-05;2023-06;2023-07,100.0,none
porrlaoise co laois,16,212,212,212,2023-01-01,2023-07-31 00:00:00,7,2023-01;2023-02;2023-03;2023-04;2023-05;2023-06;2023-07,100.0,none
porrlaoise co laois,17,212,212,212,2023-01-01,2023-07-31 00:00:00,7,2023-01;2023-02;2023-03;2023-04;2023-05;2023-06;2023-07,100.0,none
porrlaoise co laois,18,212,212,212,2023-01-01,2023-07-31 00:00:00,7,2023-01;2023-02;2023-03;2023-04;2023-05;2023-06;2023-07,100.0,none
porrlaoise co laois,19,212,212,212,2023-01-01,2023-07-31 00:00:00,7,2023-01;2023-02;2023-03;2023-04;2023-05;2023-06;2023-07,100.0,none
porrlaoise co laois,20,212,212,212,2023-01-01,2023-07-31 00:00:00,7,2023-01;2023-02;2023-03;2023-04;2023-05;2023-06;2023-07,100.0,none
porrlaoise co laois,21,212,212,212,2023-01-01,2023-07-31 00:00:00,7,2023-01;2023-02;2023-03;2023-04;2023-05;2023-06;2023-07,100.0,none
porrlaoise co laois,22,212,212,212,2023-01-01,2023-07-31 00:00:00,7,2023-01;2023-02;2023-03;2023-04;2023-05;2023-06;2023-07,100.0,none
porrlaoise co laois,23,212,212,212,2023-01-01,2023-07-31 00:00:00,7,2023-01;2023-02;2023-03;2023-04;2023-05;2023-06;2023-07,100.0,none
porrlaoise co laois,24,212,212,212,2023-01-01,2023-07-31 00:00:00,7,2023-01;2023-02;2023-03;2023-04;2023-05;2023-06;2023-07,100.0,none
