station,scope,period_start,period_end,denominator_definition,expected_hourly_timestamps,present_unique_timestamps,missing_timestamp_count,missing_rate_pct,pm10_missing_pct,coverage_cause,source_artifact,classification
Madrid Casa de Campo,prediction-support timestamps (raw processed dataset absent),2023-01-01 01:00:00,2023-12-31 00:00:00,all hourly clock timestamps from first to last verification time inclusive,8736,8688,48,0.549451,2.843002,48-hour timestamp gap visible in prediction support; raw processed dataset is not present,results/predictions_all_models.csv,UNVERIFIABLE
Birr co offlay,source-file timestamp coverage,2020-09-04 00:00:00,2023-08-01 00:00:00,all hourly clock timestamps from source start to source end inclusive,25465,25465,0,0.0,0.027,complete hourly timestamp grid over available source window; source begins 2020-09-04,reports/ireland_dataset_inventory.csv,CONSISTENT
Dublin Airport,source-file timestamp coverage,2020-06-30 02:00:00,2023-05-26 23:00:00,all hourly clock timestamps from source start to source end inclusive,25462,25462,0,0.0,0.0,"source terminates 2023-05-26, truncating evaluation before July",reports/ireland_dataset_inventory.csv,CONSISTENT
Dundalk Co Louth,source-file timestamp coverage,2020-06-30 02:00:00,2023-06-04 20:00:00,all hourly clock timestamps from source start to source end inclusive,25675,25675,0,0.0,0.265,source terminates 2023-06-04; PM10 missingness also present,reports/ireland_dataset_inventory.csv,CONSISTENT
Pearse street dublin,source-file timestamp coverage,2021-01-22 07:00:00,2023-08-01 00:00:00,all hourly clock timestamps from source start to source end inclusive,22098,22098,0,0.0,0.0,complete timestamp grid; source begins 2021-01-22 but covers full evaluation,reports/ireland_dataset_inventory.csv,CONSISTENT
Ringsend dublin,source-file timestamp coverage,2020-06-30 02:00:00,2023-08-01 00:00:00,all hourly clock timestamps from source start to source end inclusive,27047,26857,190,0.702481,0.705,timestamp parse failures and duplicates; corrected unique-timestamp coverage below 100%,reports/ireland_dataset_inventory.csv,CONSISTENT
edenderry co offlay,source-file timestamp coverage,2021-08-31 17:00:00,2023-08-03 13:00:00,all hourly clock timestamps from source start to source end inclusive,16845,16784,61,0.362125,0.995,61 missing hourly timestamps and minute-offset records propagate to row-based origins/horizons,reports/ireland_dataset_inventory.csv,CONSISTENT
henry street Limerick,source-file timestamp coverage,2021-06-30 10:00:00,2023-08-03 18:00:00,all hourly clock timestamps from source start to source end inclusive,18345,18279,66,0.359771,0.175,66 missing hourly timestamps and minute-offset records propagate to row-based origins/horizons,reports/ireland_dataset_inventory.csv,CONSISTENT
porrlaoise co laois,source-file timestamp coverage,2020-06-30 02:00:00,2023-08-01 00:00:00,all hourly clock timestamps from source start to source end inclusive,27047,27047,0,0.0,0.0,complete hourly timestamp grid over available source window,reports/ireland_dataset_inventory.csv,CONSISTENT
