station,horizon,dm_hln_stat_rectangular_canonical,p_raw_rectangular_canonical,p_fdr_station_rectangular_canonical,p_bonf_station_rectangular_canonical,p_fdr_global_rectangular_canonical,p_bonf_global_rectangular_canonical,favours_rectangular_canonical,classification_rectangular_canonical,dm_stat_bartlett,p_raw_bartlett,p_fdr_station_bartlett,p_bonf_station_bartlett,p_fdr_global_bartlett,p_bonf_global_bartlett,favours_bartlett,long_run_var_bartlett,bonf_global_status_rectangular,bonf_global_status_bartlett,fdr_global_status_rectangular,fdr_global_status_bartlett,fdr_station_status_rectangular,fdr_station_status_bartlett,status_changed_any_level
Birr (Co. Offaly),1,2.6818233431482272,0.0079044860452478,0.0316179441809914,0.0316179441809914,0.0691642528959187,0.2766570115836748,lags_meteo,FDR_STATION_SIGNIFICANT_ONLY,2.6818233431482272,0.007904486045247851,0.031617944180991404,0.031617944180991404,0.11200015889932709,0.28456149762892263,lags_meteo,3166.2381175746305,NS,NS,NS,NS,SIG,SIG,False
Birr (Co. Offaly),6,-0.5040345472620142,0.6147629790627139,0.6147629790627139,1.0,0.7969149728590735,1.0,lags_only,DIRECTION_ONLY,-0.517153529617482,0.6055906736742444,0.6055906736742444,1.0,0.7786165804383142,1.0,lags_only,7845.181802141168,NS,NS,NS,NS,NS,NS,False
Birr (Co. Offaly),12,1.0956988981611624,0.2744596197868237,0.5489192395736474,1.0,0.5506900347658592,1.0,lags_meteo,DIRECTION_ONLY,0.8792330919331871,0.3802751095795027,0.6055906736742444,1.0,0.6027199573030017,1.0,lags_meteo,7027.9599883170185,NS,NS,NS,NS,NS,NS,False
Birr (Co. Offaly),24,0.6916317263216507,0.4899289411074933,0.6147629790627139,1.0,0.6859005175504906,1.0,lags_meteo,DIRECTION_ONLY,0.7050302552187278,0.4815689369994002,0.6055906736742444,1.0,0.6667877589222464,1.0,lags_meteo,3486.8863447951226,NS,NS,NS,NS,NS,NS,False
Dublin Airport,1,1.636298907873568,0.1039608221124206,0.2079216442248412,0.4158432884496825,0.4548285967418402,1.0,lags_meteo,DIRECTION_ONLY,1.636298907873568,0.10396082211242062,0.41306756211383083,0.4158432884496825,0.5346556565781632,1.0,lags_meteo,4238.008325018625,NS,NS,NS,NS,NS,NS,False
Dublin Airport,6,-0.3416385111081501,0.733120993630458,0.733120993630458,1.0,0.829627020992038,1.0,lags_only,DIRECTION_ONLY,-0.27916947791784147,0.7805153111803277,0.7805153111803277,1.0,0.8780797250778687,1.0,lags_only,8983.056060022176,NS,NS,NS,NS,NS,NS,False
Dublin Airport,12,-0.3601173113766254,0.7192870463191401,0.733120993630458,1.0,0.829627020992038,1.0,lags_only,DIRECTION_ONLY,-0.38447263580802926,0.7011953653821152,0.7805153111803277,1.0,0.8414344384585383,1.0,lags_only,18452.80640727763,NS,NS,NS,NS,NS,NS,False
Dublin Airport,24,4.419558276976836,1.9334412245782515e-05,7.733764898313006e-05,7.733764898313006e-05,0.0006767044286023,0.0006767044286023,lags_meteo,BONFERRONI_GLOBAL_SIGNIFICANT,1.2688724232053867,0.20653378105691542,0.41306756211383083,0.8261351242276617,0.6027199573030017,1.0,lags_meteo,6853.8690468852,SIG,NS,SIG,NS,SIG,NS,True
Dundalk (Co. Louth),1,1.116832027233653,0.2658519015356704,0.287337102929194,1.0,0.5506900347658592,1.0,lags_meteo,DIRECTION_ONLY,1.116832027233653,0.2658519015356704,0.32487824119699016,1.0,0.6027199573030017,1.0,lags_meteo,42495.75054351805,NS,NS,NS,NS,NS,NS,False
Dundalk (Co. Louth),6,1.1317234937240472,0.2595447781078653,0.287337102929194,1.0,0.5506900347658592,1.0,lags_meteo,DIRECTION_ONLY,0.9877028213953449,0.32487824119699016,0.32487824119699016,1.0,0.6027199573030017,1.0,lags_meteo,3174.574134670853,NS,NS,NS,NS,NS,NS,False
Dundalk (Co. Louth),12,1.0677257118161256,0.287337102929194,0.287337102929194,1.0,0.5506900347658592,1.0,lags_meteo,DIRECTION_ONLY,1.0684745930030795,0.28700042844231954,0.32487824119699016,1.0,0.6027199573030017,1.0,lags_meteo,1473.0949829312704,NS,NS,NS,NS,NS,NS,False
Dundalk (Co. Louth),24,1.092469724529499,0.2763666051344837,0.287337102929194,1.0,0.5506900347658592,1.0,lags_meteo,DIRECTION_ONLY,1.114722435695909,0.2667404338929092,0.32487824119699016,1.0,0.6027199573030017,1.0,lags_meteo,54788.347612144236,NS,NS,NS,NS,NS,NS,False
Edenderry (Co. Offaly),1,0.3391872784625511,0.7348125043072337,0.8549851332272085,1.0,0.829627020992038,1.0,lags_meteo,DIRECTION_ONLY,0.33918727846255114,0.7348125043072337,0.8428407841788979,1.0,0.8533306501632391,1.0,lags_meteo,21064.48756831048,NS,NS,NS,NS,NS,NS,False
Edenderry (Co. Offaly),6,-1.184268975837629,0.237645261780316,0.8549851332272085,0.9505810471212645,0.5506900347658592,1.0,lags_only,DIRECTION_ONLY,-1.2338781176822584,0.21862745008261628,0.8428407841788979,0.8745098003304651,0.6027199573030017,1.0,lags_only,60176.65480543146,NS,NS,NS,NS,NS,NS,False
Edenderry (Co. Offaly),12,0.1829865246091502,0.8549851332272085,0.8549851332272085,1.0,0.9095383442263694,1.0,lags_meteo,DIRECTION_ONLY,0.19850657351971943,0.8428407841788979,0.8428407841788979,1.0,0.8992872904866768,1.0,lags_meteo,57479.63473717109,NS,NS,NS,NS,NS,NS,False
Edenderry (Co. Offaly),24,0.5630433000319658,0.5740089101184045,0.8549851332272085,1.0,0.7727043020824675,1.0,lags_meteo,DIRECTION_ONLY,0.5916394715100751,0.5547314390079532,0.8428407841788979,1.0,0.7396419186772709,1.0,lags_meteo,13171.67155421033,NS,NS,NS,NS,NS,NS,False
Henry Street Limerick,1,0.9174850000763162,0.3599410464410071,0.515896944070008,1.0,0.5999945330561995,1.0,lags_meteo,DIRECTION_ONLY,0.9174850000763162,0.3599410464410071,0.48580229989787593,1.0,0.6027199573030017,1.0,lags_meteo,159.70883388022133,NS,NS,NS,NS,NS,NS,False
Henry Street Limerick,6,-1.1227009241416608,0.262846470914442,0.515896944070008,1.0,0.5506900347658592,1.0,lags_only,DIRECTION_ONLY,-1.3203842473073553,0.18814402604000688,0.48580229989787593,0.7525761041600275,0.6027199573030017,1.0,lags_only,34487.38994777146,NS,NS,NS,NS,NS,NS,False
Henry Street Limerick,12,0.4099540303081804,0.6822595648016925,0.6822595648016925,1.0,0.829627020992038,1.0,lags_meteo,DIRECTION_ONLY,0.4059342745465447,0.6852061854939655,0.6852061854939655,1.0,0.8414344384585383,1.0,lags_meteo,9668.90002669025,NS,NS,NS,NS,NS,NS,False
Henry Street Limerick,24,0.8670162204294419,0.3869227080525059,0.515896944070008,1.0,0.5999945330561995,1.0,lags_meteo,DIRECTION_ONLY,0.9090767971056043,0.36435172492340695,0.48580229989787593,1.0,0.6027199573030017,1.0,lags_meteo,3096.5916274876854,NS,NS,NS,NS,NS,NS,False
Madrid Casa de Campo,1,1.1690171716711577,0.2431855134234477,0.4863710268468955,0.9727420536937912,0.5506900347658592,1.0,lags_meteo,DIRECTION_ONLY,1.1690171716711575,0.24318551342344777,0.48637102684689554,0.9727420536937911,0.6027199573030017,1.0,lags_meteo,311.95929795050347,NS,NS,NS,NS,NS,NS,False
Madrid Casa de Campo,6,-0.048395868067895,0.9614279675871852,0.9614279675871852,1.0,0.9614279675871852,1.0,lags_only,DIRECTION_ONLY,-0.049553736194064765,0.9605058825059962,0.9605058825059962,1.0,0.9605058825059962,1.0,lags_only,2665.8231129202086,NS,NS,NS,NS,NS,NS,False
Madrid Casa de Campo,12,2.5158855136761615,0.0123268176090465,0.0493072704361861,0.0493072704361861,0.0862877232633257,0.4314386,lags_meteo,FDR_STATION_SIGNIFICANT_ONLY,2.385760757473182,0.017582791286829488,0.07033116514731795,0.07033116514731795,0.1582451215814654,0.6329804863258616,lags_meteo,26130.385627456504,NS,NS,NS,NS,SIG,NS,True
Madrid Casa de Campo,24,0.8468743743798238,0.3976389144310406,0.5301852192413875,1.0,0.5999945330561995,1.0,lags_meteo,DIRECTION_ONLY,0.8336435551812127,0.40504560088149544,0.5400608011753273,1.0,0.6027199573030017,1.0,lags_meteo,961854.7750343198,NS,NS,NS,NS,NS,NS,False
Pearse Street Dublin,1,1.8465217600926176,0.0662170090370009,0.0882893453826679,0.2648680361480037,0.3553248593127098,1.0,lags_meteo,DIRECTION_ONLY,1.8465217600926176,0.06621700903700094,0.08828934538266792,0.26486803614800375,0.47676246506640674,1.0,lags_meteo,3542.4602459322787,NS,NS,NS,NS,NS,NS,False
Pearse Street Dublin,6,3.0820560720371746,0.0023299539320384,0.0046599078640769,0.0093198157281539,0.0271827958737822,0.0815483876213466,lags_meteo,FDR_GLOBAL_SIGNIFICANT,2.910299869911459,0.003998104859472143,0.015992419437888573,0.015992419437888573,0.11200015889932709,0.14393177494099715,lags_meteo,1041.5173405684748,NS,NS,SIG,NS,SIG,SIG,True
Pearse Street Dublin,12,3.2627209400021657,0.0012870319356812,0.0046599078640769,0.0051481277427248,0.0225230588744213,0.0450461177488427,lags_meteo,BONFERRONI_GLOBAL_SIGNIFICANT,2.6236992654826143,0.009333346574943923,0.018666693149887847,0.037333386299775694,0.11200015889932709,0.3360004766979812,lags_meteo,1439.319453298623,SIG,NS,SIG,NS,SIG,SIG,True
Pearse Street Dublin,24,0.8230217363607573,0.4114248226671082,0.4114248226671082,1.0,0.5999945330561995,1.0,lags_meteo,DIRECTION_ONLY,0.8105183816559804,0.4185555259048622,0.4185555259048622,1.0,0.6027199573030017,1.0,lags_meteo,128834.59252292759,NS,NS,NS,NS,NS,NS,False
Portlaoise (Co. Laois),1,1.2210152526271616,0.2234428722378567,0.2989460188728949,0.6703286167135701,0.5506900347658592,1.0,lags_meteo,DIRECTION_ONLY,1.2210152526271616,0.22344287223785672,0.3662228202116027,0.8937714889514269,0.6027199573030017,1.0,lags_meteo,1406.7226590181476,NS,NS,NS,NS,NS,NS,False
Portlaoise (Co. Laois),6,-1.0412610659146306,0.2989460188728949,0.2989460188728949,0.8968380566186849,0.5506900347658592,1.0,lags_only,DIRECTION_ONLY,-1.0503012539675374,0.29478107664977204,0.3662228202116027,1.0,0.6027199573030017,1.0,lags_only,255.50416846536507,NS,NS,NS,NS,NS,NS,False
Portlaoise (Co. Laois),12,1.8142150447167211,0.0710649718625419,0.2131949155876258,0.2131949155876258,0.3553248593127098,1.0,lags_meteo,DIRECTION_ONLY,1.7353590592890067,0.08413725177639934,0.3365490071055974,0.3365490071055974,0.5048235106583961,1.0,lags_meteo,994.0740478313403,NS,NS,NS,NS,NS,NS,False
Portlaoise (Co. Laois),24,,,,,,,undetermined,DIRECTION_ONLY,0.9055199491525809,0.3662228202116027,0.3662228202116027,1.0,0.6027199573030017,1.0,lags_meteo,1429.9176420672345,N/A,NS,N/A,NS,N/A,NS,True
Ringsend Dublin,1,1.2332601464379267,0.218850848114048,0.80330709697639,0.8754033924561923,0.5506900347658592,1.0,lags_meteo,DIRECTION_ONLY,1.2332601464379267,0.21885084811404806,0.8260651434564052,0.8754033924561923,0.6027199573030017,1.0,lags_meteo,1059.718568210085,NS,NS,NS,NS,NS,NS,False
Ringsend Dublin,6,-0.1796946718678519,0.8575647245562911,0.9198573817884654,1.0,0.9095383442263694,1.0,lags_only,DIRECTION_ONLY,-0.19021071629640482,0.8493268854596392,0.937951591550163,1.0,0.8992872904866768,1.0,lags_only,6762.74753349692,NS,NS,NS,NS,NS,NS,False
Ringsend Dublin,12,0.8403676271941022,0.401653548488195,0.80330709697639,1.0,0.5999945330561995,1.0,lags_meteo,DIRECTION_ONLY,0.8201914203060177,0.4130325717282026,0.8260651434564052,1.0,0.6027199573030017,1.0,lags_meteo,90037.74142434786,NS,NS,NS,NS,NS,NS,False
Ringsend Dublin,24,0.1007338622865682,0.9198573817884654,0.9198573817884654,1.0,0.9469120106645968,1.0,lags_meteo,DIRECTION_ONLY,0.07793754465731839,0.937951591550163,0.937951591550163,1.0,0.9605058825059962,1.0,lags_meteo,4361.86028286991,NS,NS,NS,NS,NS,NS,False
