claim_id,manuscript_location,claim_text_or_summary,result_type,horizon,metric,baseline,evidence_status,generating_script,located_artifact,notes
C1,Abstract / Section 4.1,Madrid full-year skill extension is Delta H* = +8 h (H* = 17 h vs 9 h).,H_star_horizon,h=1..24,H_star_strict,lags_only,SUPPORTED,code/run_e1_common_window.py,results/ijer/canonical/canonical_common_window_results.csv,Fully backed by canonical E1 artifacts.
C2,Abstract / Section 4.2,"Madrid Jan-Jul window gives Delta H* = +10 h, but H_from_h1 drops to 0 h.",H_star_horizon,h=1..24,H_star_strict & H_from_h1,lags_only,SUPPORTED,code/run_e1_common_window.py,results/ijer/canonical/canonical_common_window_results.csv,Fully backed by E1 window sensitivity tests.
C3,Abstract / Section 4.3,"Madrid block bootstrap Delta H* has median +3.0 h (95% CI [-8.0, +12.0] h), P(>0) = 74.5%.",Bootstrap_uncertainty,h=1..24,Delta_H_star,lags_only,SUPPORTED,code/run_e3_hstar_uncertainty.py,results/ijer/canonical/canonical_hstar_uncertainty.csv,Fully backed by E3 bootstrap resamples.
C4,Abstract / Section 4.4,"Limerick point gain is Delta H* = +7 h (median +2.0 h, 95% CI [-10.0, +12.0] h, P(>0) = 69.9%).",Bootstrap_uncertainty,h=1..24,Delta_H_star,lags_only,SUPPORTED,code/run_e3_hstar_uncertainty.py,results/ijer/canonical/canonical_hstar_uncertainty.csv,Fully backed by E3 Irish stations uncertainty quantification.
C5,Discussion / Section 5.2,Five of eight Irish stations exhibit point-estimate ceiling censoring (H*_lags-only = 24 h).,Structural_censoring,h=24,H_star_ceiling,persistence,SUPPORTED,code/run_e3_hstar_uncertainty.py,results/ijer/canonical/canonical_hstar_uncertainty.csv,"Verified 5 stations (Birr, Dundalk, Pearse St, Ringsend, Portlaoise)."
C6,Results / Section 4.5,Madrid h=12 DM-HLN test is station-level FDR significant (p=0.0493) but not global Bonferroni (p=0.4314).,Statistical_significance,h=12,DM_HLN_p_value,lags_only,SUPPORTED,code/run_e4_multiple_testing.py,results/ijer/canonical/canonical_dm_multiple_testing.csv,Verified FDR station vs global Bonferroni controls.
C7,Results / Section 4.5,Dublin Airport h=24 (p=0.0007) and Pearse Street h=12 (p=0.0463) survive strict global Bonferroni.,Statistical_significance,h=12 & h=24,DM_HLN_p_value,lags_only,SUPPORTED,code/run_e4_multiple_testing.py,results/ijer/canonical/canonical_dm_multiple_testing.csv,Verified strict Bonferroni global control across 35 valid tests.
C8,Results / Section 4.6,"Recovered exact SARIMA predictions at h=24 for Dublin Airport (H*=24, skill=+0.0407) and Dundalk (H*_relax=24, skill=+0.1145).",Secondary_baseline,h=24,H_star & Skill,persistence,SUPPORTED,code/run_e2_sarima_completion.py,results/ijer/canonical/canonical_sarima_results.csv,"SARIMA completion recovered exactly, eliminating 23b footnote."
C9,Limitations / Section 5.5,COVID training sensitivity (E5) was not executed due to pre-2023 raw data absence.,Sensitivity_limitation,h=1..24,MAE & H_star,lags_only,SUPPORTED,code/run_e5_covid_sensitivity.py,results/ijer/canonical/canonical_experiment_status.csv,Correctly framed as a study limitation in the text.
